image,text
newspaper/0.png,TODO
newspaper/1.png,TODO
newspaper/10.png,TODO
newspaper/11.png,TODO
newspaper/12.png,TODO
newspaper/13.png,TODO
newspaper/14.png,TODO
newspaper/15.png,TODO
newspaper/16.png,TODO
newspaper/17.png,TODO
newspaper/18.png,TODO
newspaper/19.png,TODO
newspaper/2.png,TODO
newspaper/20.png,TODO
newspaper/21.png,TODO
newspaper/22.png,TODO
newspaper/23.png,TODO
newspaper/24.png,TODO
newspaper/25.png,TODO
newspaper/26.png,TODO
newspaper/27.png,TODO
newspaper/28.png,TODO
newspaper/29.png,TODO
newspaper/3.png,TODO
newspaper/30.png,TODO
newspaper/4.png,TODO
newspaper/5.png,TODO
newspaper/6.png,TODO
newspaper/7.png,TODO
newspaper/8.png,TODO
newspaper/9.png,TODO
books/book (1).png,TODO
books/book (10).png,TODO
books/book (11).png,TODO
books/book (12).png,TODO
books/book (13).png,TODO
books/book (14).png,TODO
books/book (15).png,TODO
books/book (16).png,TODO
books/book (17).png,TODO
books/book (18).png,TODO
books/book (19).png,TODO
books/book (2).png,TODO
books/book (20).png,TODO
books/book (3).png,TODO
books/book (4).png,TODO
books/book (5).png,TODO
books/book (6).png,TODO
books/book (7).png,TODO
books/book (8).png,TODO
books/book (9).png,TODO
other/31.png,TODO
other/32.png,TODO
other/33.png,TODO
other/34.png,TODO
other/35.png,TODO
other/36.png,TODO
other/37.png,TODO
other/38.png,TODO
other/39.png,TODO
other/40.png,TODO
other/41.png,TODO
other/42.png,TODO
other/43.png,TODO
other/44.png,TODO
other/45.png,TODO
other/46.png,TODO
other/47.png,TODO
other/48.png,TODO
other/49.png,TODO
other/50.png,TODO
other/51.png,TODO
other/52.png,TODO
other/53.png,TODO
other/54.png,TODO
other/55.png,TODO
other/56.png,TODO
other/57.png,TODO
other/58.png,TODO
other/59.png,TODO
other/60.png,TODO
other/61.png,TODO
other/62.png,TODO
other/63.png,TODO
other/64.png,TODO
other/65.png,TODO
signboards/signboards (1).png,TODO
signboards/signboards (2).png,TODO
signboards/signboards (3).png,TODO
signboards/signboards (4).png,TODO
signboards/signboards (5).png,TODO
signboards/signboards (6).png,TODO
synthetic/100.png,TODO
synthetic/101.png,TODO
synthetic/102.png,TODO
synthetic/103.png,TODO
synthetic/104.png,TODO
synthetic/105.png,TODO
synthetic/106.png,TODO
synthetic/107.png,TODO
synthetic/108.png,TODO
synthetic/109.png,TODO
synthetic/110.png,TODO
synthetic/111.png,TODO
synthetic/112.png,TODO
synthetic/113.png,TODO
synthetic/114.png,TODO
synthetic/115.png,TODO
synthetic/116.png,TODO
synthetic/117.png,TODO
synthetic/118.png,TODO
synthetic/119.png,TODO
synthetic/120.png,TODO
synthetic/121.png,TODO
synthetic/122.png,TODO
synthetic/123.png,TODO
synthetic/124.png,TODO
synthetic/125.png,TODO
synthetic/126.png,TODO
synthetic/127.png,TODO
synthetic/128.png,TODO
synthetic/129.png,TODO
synthetic/130.png,TODO
synthetic/131.png,TODO
synthetic/132.png,TODO
synthetic/133.png,TODO
synthetic/134.png,TODO
synthetic/135.png,TODO
synthetic/136.png,TODO
synthetic/137.png,TODO
synthetic/138.png,TODO
synthetic/139.png,TODO
synthetic/140.png,TODO
